academics,AbertayHackers@infosec.exchange
academics,alessiodangelo@mas.to
academics,amhriscu@akademienl.social
academics,andreamm@mastodon.social
academics,ApostateEnglishman@mastodon.world
academics,askywalker@infosec.exchange
academics,bartcopp@mastodon.social
academics,Biella@mastodon.social
academics,ChrisMayLA6@zirk.us
academics,crest_research@mastodon.world
academics,drkatedevlin@mastodon.ie
academics,edzob@hostux.social
academics,helenczerski@fediscience.org
academics,histoftech@mastodon.social
academics,kxynos@mastodon.social
academics,linker3000@mastodon.social
academics,pbloem@sigmoid.social
academics,profbriancox@universeodon.com
academics,profwoodward@infosec.exchange
academics,raistlin@sociale.network
academics,ridt@infosec.exchange
academics,rossjanderson@eupolicy.social
academics,RuthMalan@mastodon.social
academics,sdullien@mastodon.world
academics,spaf@mstdn.social
academics,ssc@discuss.systems
academics,usenixassociation@infosec.exchange
adversaries,0xabad1dea@infosec.exchange
adversaries,0xamit@infosec.exchange
adversaries,1njection@infosec.exchange
adversaries,4Dgifts@mastodon.social
adversaries,aaronportnoy@infosec.exchange
adversaries,adamshostack@infosec.exchange
adversaries,adhsec@chaos.social
adversaries,Agarri_FR@mastodon.xyz
adversaries,agdosil@infosec.exchange
adversaries,ajxchapman@infosec.exchange
adversaries,albinolobster@infosec.exchange
adversaries,aleph_one@infosec.exchange
adversaries,alexandreborges@infosec.exchange
adversaries,alexplaskett@infosec.exchange
adversaries,alyssam_infosec@infosec.exchange
adversaries,andersonc0d3@infosec.exchange
adversaries,Ange@mastodon.social
adversaries,anticomputer@infosec.exchange
adversaries,apiratemoo@infosec.exchange
adversaries,argp@chaos.social
adversaries,axleyjc@federate.social
adversaries,Azeria@mastodon.social
adversaries,B3NNY@infosec.exchange
adversaries,barsteward@infosec.exchange
adversaries,bazad@infosec.exchange
adversaries,bcoles@infosec.exchange
adversaries,bcrypt@infosec.exchange
adversaries,BiaSciLab@infosec.exchange
adversaries,bigendiansmalls@hachyderm.io
adversaries,bigendiansmalls@mastodon.social
adversaries,binarygolf@haunted.computer
adversaries,Bitquark@mastodon.social
adversaries,blasty@infosec.exchange
adversaries,bradlarsen@infosec.exchange
adversaries,bsdaemon@infosec.exchange
adversaries,buffaloverflow@infosec.exchange
adversaries,bugch3ck@infosec.exchange
adversaries,buherator@infosec.place
adversaries,busterb@infosec.exchange
adversaries,byt3bl33d3r@infosec.exchange
adversaries,carnal0wnage@infosec.exchange
adversaries,Carnal0wnage@mastodon.social
adversaries,carstein@infosec.exchange
adversaries,catc0n@infosec.exchange
adversaries,charlvdwalt@infosec.exchange
adversaries,chompie1337@beta.birdsite.live
adversaries,chompie1337@haunted.computer
adversaries,ChrisJohnRiley@infosec.exchange
adversaries,chronic@mastodon.online
adversaries,connectjunkie@infosec.exchange
adversaries,cybergibbons@infosec.exchange
adversaries,dave_aitel@mastodon.social
adversaries,dethveggie@mastodon.online
adversaries,dguido@mastodon.social
adversaries,didn0t@infosec.exchange
adversaries,digininja@infosec.exchange
adversaries,dildog@masto.hackers.town
adversaries,dlitchfield@infosec.exchange
adversaries,dmnk@infosec.exchange
adversaries,dnsprincess@infosec.exchange
adversaries,dragosr@chaos.social
adversaries,edermi@infosec.exchange
adversaries,egypt@mastodon.social
adversaries,ela@infosec.exchange
adversaries,ericazelic@infosec.exchange
adversaries,ErrataRob@infosec.exchange
adversaries,esizkur@mastodon.social
adversaries,evilsocket@automa.sh
adversaries,fay59@tech.lgbt
adversaries,fidgetingbits@infosec.exchange
adversaries,FishermansEnemy@infosec.exchange
adversaries,frootware@infosec.exchange
adversaries,fs0c131y@infosec.exchange
adversaries,FuzzySec@infosec.exchange
adversaries,g0tmi1k@infosec.exchange
adversaries,gaz@infosec.exchange
adversaries,geekmasher@infosec.exchange
adversaries,geeknik@infosec.exchange
adversaries,gergelykalman@infosec.exchange
adversaries,glennpegden@infosec.exchange
adversaries,goldstein@mstdn.social
adversaries,grimmware@chaos.social
adversaries,grimmware@infosec.exchange
adversaries,gynvael@infosec.exchange
adversaries,h0wl@infosec.exchange
adversaries,hackerfantastic@social.hackerfraternity.org
adversaries,HackingDave@infosec.exchange
adversaries,HackingLZ@infosec.exchange
adversaries,HalvarFlake@mastodon.social
adversaries,hanno@mastodon.social
adversaries,hawkes@infosec.exchange
adversaries,hckng@infosec.exchange
adversaries,hdm@infosec.exchange
adversaries,hexacorn@infosec.exchange
adversaries,heyder@infosec.exchange
adversaries,i0n1c@infosec.exchange
adversaries,iagox86@infosec.exchange
adversaries,icesurfer@infosec.exchange
adversaries,ilv@infosec.exchange
adversaries,infosecdj@infosec.exchange
adversaries,insertscript@infosec.exchange
adversaries,itm4n@infosec.exchange
adversaries,j0hn_f@infosec.exchange
adversaries,jcase@infosec.exchange
adversaries,jershmagersh@infosec.exchange
adversaries,Jhaddix@infosec.exchange
adversaries,joernchen@mastodon.social
adversaries,jonpalmisc@infosec.exchange
adversaries,joxean@mastodon.social
adversaries,jsoo@infosec.exchange
adversaries,kaoudis@infosec.exchange
adversaries,kevinbackhouse@infosec.exchange
adversaries,LambdaCube@infosec.exchange
adversaries,larry@infosec.exchange
adversaries,Laughing_Mantis@mastodon.social
adversaries,lcamtuf@infosec.exchange
adversaries,magen@infosec.exchange
adversaries,mainframed767@infosec.exchange
adversaries,MarioVilas@mastodon.cacharreo.duckdns.org
adversaries,marshray@infosec.exchange
adversaries,matthew_hall@infosec.exchange
adversaries,matthias_kaiser@infosec.exchange
adversaries,mcfly@milliways.social
adversaries,mcgrew@defcon.social
adversaries,mdowd@infosec.exchange
adversaries,metlstorm@infosec.exchange
adversaries,mitreattack@infosec.exchange
adversaries,morisson@defcon.social
adversaries,mpgn@infosec.exchange
adversaries,mubix@infosec.exchange
adversaries,munmap@infosec.exchange
adversaries,n0x00@bladerunner.social
adversaries,nahamsec@infosec.exchange
adversaries,netbiosX@infosec.exchange
adversaries,netspooky@haunted.computer
adversaries,nickdunn@infosec.exchange
adversaries,nilss@mastodon.social
adversaries,ntlmrelay@infosec.exchange
adversaries,oj@cybervillains.com
adversaries,ollie_whitehouse@infosec.exchange
adversaries,OSINTgeek@infosec.exchange
adversaries,osinttechnical@mstdn.social
adversaries,pancake@infosec.exchange
adversaries,pancake@mastodont.cat
adversaries,paradoxengine@infosec.exchange
adversaries,patm@hackodon.com
adversaries,pentesterland@infosec.exchange
adversaries,Pheebe@tech.lgbt
adversaries,phil@infosec.exchange
adversaries,pinkflawd@mastodon.social
adversaries,pjvenda@infosec.exchange
adversaries,PrincessOfCats@mastodon.social
adversaries,priv@infosec.exchange
adversaries,pry0cc@infosec.exchange
adversaries,psifertex@infosec.exchange
adversaries,q3k@hackerspace.pl
adversaries,quine@infosec.exchange
adversaries,qwertyoruiop@nso.group
adversaries,r00k@infosec.exchange
adversaries,R00tkitSMM@infosec.exchange
adversaries,ra6bit@infosec.exchange
adversaries,Rairii@labyrinth.zone
adversaries,raptor@infosec.exchange
adversaries,rathaus@ioc.exchange
adversaries,redsand@infosec.exchange
adversaries,RedTeamRonin@infosec.exchange
adversaries,retr0id@retr0.id
adversaries,reverseics@infosec.exchange
adversaries,richinseattle.bsky.social@bsky.brid.gy
adversaries,richinseattle@infosec.exchange
adversaries,richinseattle@twit.undercurrents.io
adversaries,rk@well.com
adversaries,rmogull@defcon.social
adversaries,RoganDawes@infosec.exchange
adversaries,rpw@chaos.social
adversaries,saidelike@infosec.exchange
adversaries,sambowne@infosec.exchange
adversaries,scottpiper@infosec.exchange
adversaries,seanhn@mastodon.social
adversaries,Secvalve@cloudisland.nz
adversaries,serializingme@infosec.exchange
adversaries,shellsharks@malici.ous.computer
adversaries,shellsharks@shellsharks.social
adversaries,silviocesare@infosec.exchange
adversaries,singe@chaos.social
adversaries,sirdarckcat@infosec.exchange
adversaries,sj@social.scriptjunkie.us
adversaries,SkyLined@mastodon.social
adversaries,sleepyentropy@milliways.social
adversaries,Smarticu5@infosec.exchange
adversaries,smaury@infosec.exchange
adversaries,smy1es@infosec.exchange
adversaries,snare@aus.social
adversaries,snkhan@infosec.exchange
adversaries,sqshr@infosec.exchange
adversaries,SteveD3@infosec.exchange
adversaries,stevelord@bladerunner.social
adversaries,stevenseeley@infosec.exchange
adversaries,tautology@infosec.exchange
adversaries,taviso@social.sdf.org
adversaries,thc@infosec.exchange
adversaries,therealsaumil@infosec.exchange
adversaries,therealsaumil@mastodon.social
adversaries,tib3rius@infosec.exchange
adversaries,tinker@infosec.exchange
adversaries,tiraniddo@infosec.exchange
adversaries,tkeetch@mastodonapp.uk
adversaries,tmanning@infosec.exchange
adversaries,todb@infosec.exchange
adversaries,tomituominen@infosec.exchange
adversaries,tomrittervg@infosec.exchange
adversaries,tonygee@infosec.exchange
adversaries,toolcrypt@infosec.exchange
adversaries,tqbf@infosec.exchange
adversaries,Two06@infosec.exchange
adversaries,unspecific@defcon.social
adversaries,varcharr@infosec.exchange
adversaries,vigilantlabs@infosec.exchange
adversaries,WalrusNextDoor@infosec.exchange
adversaries,webbreacher@infosec.exchange
adversaries,whatshisface@infosec.exchange
adversaries,wirepair@mastodon.social
adversaries,wvu@infosec.exchange
adversaries,x86matthew@infosec.exchange
adversaries,xairy@infosec.exchange
adversaries,XC3LL@mastodon.social
adversaries,xpn@infosec.exchange
adversaries,xssfox@cloudisland.nz
adversaries,xy@mastodon.social
adversaries,zeroSteiner@infosec.exchange
adversaries,zhuowei@notnow.dev
adversaries,zyx2k@bladerunner.social
bots,academia@newsmast.community
bots,acarsdrama@live.acarsdrama.com
bots,alt_text@mastodon.social
bots,aquarium@botsin.space
bots,askubuntu@ubuntu.social
bots,attackerkb@infosec.place
bots,bbcmicrobot@mastodon.me.uk
bots,BBCMOTD@flipboard.social
bots,BBCSport@flipboard.social
bots,bitartbot@freeradical.zone
bots,blueteamsec@infosec.exchange
bots,cfgbot@mastodon.social
bots,cisakevtracker@mastodon.social
bots,COAnswers@mastodon.me.uk
bots,compcompilers@infosec.exchange
bots,CTI_FYI@infosec.exchange
bots,debian@framapiaf.org
bots,devops_discussions@mastodon.social
bots,DSITAnswers@mastodon.me.uk
bots,dsn_status@bot.country
bots,dumbpasswordrules@infosec.exchange
bots,economist_bot@social.platypush.tech
bots,effinbirds@mastodon.social
bots,energystatsuk@mastodonapp.uk
bots,fesshole@mastodon.social
bots,fortune@botsin.space
bots,FoxesEveryHour@botsin.space
bots,GBGrid_Wind@botsin.space
bots,heiseonlineenglish@social.heise.de
bots,henrywinter@sportsbots.xyz
bots,hpc.social@bsky.brid.gy
bots,Independent@flipboard.com
bots,jazzfm@mastodon.social
bots,kernelcomments@infosec.exchange
bots,levelbot@mastodon.social
bots,lexknowssystems@botsin.space
bots,linkersec@infosec.exchange
bots,MoDAnswers@mastodon.me.uk
bots,newsbot@mstdn.social
bots,openbenches@bot.openbenches.org
bots,radar_raccoon@raccoon.place
bots,raf_luton@bird.makeup
bots,rfcs@donotsta.re
bots,_r_netsec@infosec.exchange
bots,sans_isc@mastodon.social
bots,sc2000@mastodon.social
bots,securityfeed@infosec.exchange
bots,shit@infosec.exchange
bots,shodansafari@infosec.exchange
bots,stablehorde_generator@sigmoid.social
bots,starfleetjobs@botsin.space
bots,starfleetsecurity@botsin.space
bots,SunTzuCyber@infosec.exchange
bots,tag-perl@relay.fedi.buzz
bots,techbot@social.raytec.co
bots,TheAthleticFC@sportsbots.xyz
bots,theregister@geeknews.chat
bots,toce@infosec.exchange
bots,TotalCyberJobsBot@infosec.exchange
bots,trending_bot@tomkahe.com
bots,unix_discussions@mastodon.social
bots,weirdunits@chaos.social
bots,ycombinator@rss-mstdn.studiofreesia.com
bots,year_progress@techhub.social
brentford,benbryan@mastodon.online
brentford,brentfordfc@bird.makeup
brentford,BrentfordFC@pubeurope.com
brentford,markharvey@toot.wales
brentford,maui@m.ix.is
brentford,mihobu@social.lol
brentford,njudd@macaw.social
brentford,pagey57@ieji.de
brentford,torspedia@mastodon.tjs.is
builders,0x47df@duckpon.de
builders,ACNelson@infosec.exchange
builders,adrianco@mastodon.social
builders,aka_pugs@mastodon.social
builders,alanc@hachyderm.io
builders,AlanSill@mast.hpc.social
builders,albedrio@chaos.social
builders,alecm@alecmuffett.com
builders,andypiper@macaw.social
builders,anjan@pleroma.debian.social
builders,annajayne@mastodon.social
builders,ariadne@treehouse.systems
builders,aris@infosec.exchange
builders,artofneteng@infosec.exchange
builders,ayourtch@mstdn.io
builders,bagder@mastodon.social
builders,bcantrill@mastodon.social
builders,ben@hardill.me.uk
builders,bill@hachyderm.io
builders,BillJelavich@hachyderm.io
builders,binarycrusader@mastodon.gamedev.place
builders,binitamshah@ioc.exchange
builders,blackgirlbytes@hachyderm.io
builders,blowdart@mastodon.social
builders,blowdart.me@bsky.brid.gy
builders,bradarkin@infosec.exchange
builders,bradfitz@inuh.net
builders,brancz@hachyderm.io
builders,breakawaybilly@hachyderm.io
builders,brynet@bsd.network
builders,bsdphk@fosstodon.org
builders,caffeinedrivendevelopment@threads.net
builders,cda@macaw.social
builders,chandlerc@hachyderm.io
builders,ChaosCatgirl@toot.cat
builders,cigitalgem@sigmoid.social
builders,cjwatson@mastodon.ie
builders,climagic@mastodon.social
builders,cmdrmoto@hachyderm.io
builders,codinghorror@infosec.exchange
builders,corsac@mastodon.social
builders,cullmann@mastodon.social
builders,dalias@hachyderm.io
builders,DanielMicay@grapheneos.social
builders,danmcd@hostux.social
builders,DarkL0rd@mastodon.online
builders,darrenmoffat@mastodon.social
builders,davemq@fosstodon.org
builders,__db__@mastodon.social
builders,dennisf@infosec.exchange
builders,dev@discuss.systems
builders,dexter@bsd.network
builders,dgl@infosec.exchange
builders,Diziet@mastodon.me.uk
builders,djm@cybervillains.com
builders,dm@hachyderm.io
builders,dondelelcaro@fosstodon.org
builders,dvl@bsd.network
builders,dwizzzle@infosec.exchange
builders,eaon@tldr.nettime.org
builders,eta@eta.st
builders,evan@cosocial.ca
builders,evelyn@misskey.bubbletea.dev
builders,firstyear@infosec.exchange
builders,flameeyes@mastodon.social
builders,freya@chaosfem.tw
builders,gdamore@techhub.social
builders,girlgerms@infosec.exchange
builders,gregkh@social.kernel.org
builders,grimmware@mastodon.social
builders,gsnedders@glauca.space
builders,HackyScientress@chaos.social
builders,highvoltage@pleroma.debian.social
builders,hnygd@mastodon.africa
builders,hrw@society.oftrolls.com
builders,iamleot@mastodon.sdf.org
builders,ian@hachyderm.io
builders,infosecvandana@infosec.exchange
builders,isaacs@fosstodon.org
builders,JamesLaverack@hachyderm.io
builders,JamieMagee@infosec.exchange
builders,jdvrage@infosec.exchange
builders,jed@infosec.exchange
builders,jerry@infosec.exchange
builders,jmc@unix.house
builders,jmorris@social.kernel.org
builders,jmtd@pleroma.debian.social
builders,jon@blankpad.net
builders,jonmasters@jonmasters.social
builders,jperkin@federate.me.uk
builders,jugmac00@fosstodon.org
builders,justine@snac.smithies.me.uk
builders,jwildeboer@social.wildeboer.net
builders,kees@hachyderm.io
builders,kelseyhightower@mastodon.social
builders,kenvandine@ubuntu.social
builders,kkremitzki@mastodon.social
builders,ldelossa@fosstodon.org
builders,lina@vt.social
builders,lindauer@mastodon.social
builders,lizrice@hachyderm.io
builders,martin_piper@mastodon.social
builders,MastodonEngineering@mastodon.social
builders,mattdm@hachyderm.io
builders,mattm@hachyderm.io
builders,Mer__edith@mastodon.world
builders,mibh@fosstodon.org
builders,MigsterTech@hachyderm.io
builders,Migueldeicaza@mastodon.social
builders,millert@bsd.network
builders,mjg@nerdfight.online
builders,mjr@masto.bike
builders,monsieuricon@social.kernel.org
builders,mopman@infosec.exchange
builders,msw@mstdn.social
builders,nazgul@infosec.exchange
builders,never_released@mastodon.social
builders,nickbearded@mastodon.social
builders,Ninji@wuffs.org
builders,nixCraft@mastodon.social
builders,paco@infosec.exchange
builders,pdp7@mastodon.social
builders,peateasea@mastodon.social
builders,phessler@bsd.network
builders,pid_eins@mastodon.social
builders,poggs@mastodon.social
builders,postmodern@infosec.exchange
builders,postmodern@ruby.social
builders,psiinon@infosec.exchange
builders,ptribble@mastodon.social
builders,qmacro@hachyderm.io
builders,rabble@mastodon.social
builders,raesene@infosec.exchange
builders,Rallat@androiddev.social
builders,rcs@hachyderm.io
builders,richmoore@infosec.exchange
builders,robdykedotcom@mastodon.social
builders,robpike@hachyderm.io
builders,robpomeroy@infosec.exchange
builders,rootkovska@mastodon.social
builders,SeanWrightSec@infosec.exchange
builders,SheHacksPurple@infosec.exchange
builders,sigsegv@hachyderm.io
builders,simontatham@hachyderm.io
builders,simplenomad@rigor-mortis.nmrc.org
builders,sjmurdoch@mastodon.social
builders,ska@treehouse.systems
builders,skiles@carhenge.club
builders,smartwatermelon@worldkey.io
builders,snipe@hackers.town
builders,soller@floss.social
builders,SonnyBonds@mastodon.gamedev.place
builders,stefano@bsd.cafe
builders,TartanLlama@mastodon.social
builders,tfinch@mstdn.party
builders,thypon@mastodon.social
builders,timjclevenger@infosec.exchange
builders,Toasterson@chaos.social
builders,torvalds@social.kernel.org
builders,Unixbigot@aus.social
builders,unredacted@unredacted.social
builders,whereistanya@hachyderm.io
builders,wiedi@fru.bar
builders,winocm@treehouse.systems
builders,xenophile@masto.hackers.town
builders,yakkoj@fosstodon.org
builders,yossarian@infosec.exchange
builders,zarchasmpgmr@infosec.exchange
builders,zoe@zoeoconnell.co.uk
certs,cert_eu@infosec.exchange
certs,dfncert@infosec.exchange
certs,govcert_lu@infosec.exchange
cons,44CON@infosec.exchange
cons,badge@emfcamp.org
cons,BlueTeamCon@infosec.exchange
cons,botconf@infosec.exchange
cons,bsidesknoxville@infosec.exchange
cons,BSidesZurich@infosec.exchange
cons,CCC@social.bau-ha.us
cons,DisruptionNetworkLab@mastodon.bida.im
cons,emf@emfcamp.org
cons,EuroBSDCon@bsd.network
cons,hack_lu@infosec.exchange
cons,jack_daniel@mastodon.social
cons,LinuxSecSummit@social.kernel.org
cons,nautilusinstitute@defcon.social
cons,OSCo@infosec.exchange
cons,osopsmeetup@fosstodon.org
cons,OWASPLondon@infosec.exchange
cons,pancakescon@infosec.exchange
cons,PET_Symposium@infosec.exchange
cons,SecurityBSidesGlobal@infosec.exchange
cons,WEareTROOPERS@infosec.exchange
cons,why2025camp@chaos.social
creatives,1x1@toplap.org
creatives,2xAA@mastodon.social
creatives,acousticmirror@post.lurk.org
creatives,ahihi@anticapitalist.party
creatives,algorave@toplap.org
creatives,AnarchistArt@mastodon.social
creatives,ansi@agyilag.zokni.xyz
creatives,ansi@bozgor.org
creatives,bitartbot@freeradical.zone
creatives,BTowersCoding@functional.cafe
creatives,cassetteboy@mastodonapp.uk
creatives,cstross@wandering.shop
creatives,dprkcert@infosec.exchange
creatives,dprk@newsie.social
creatives,effinbirds@mastodon.social
creatives,ethicsinbricks@mastodon.online
creatives,fibreandspace@aus.social
creatives,forest_fr1ends@glasgow.social
creatives,gasman@icosahedron.website
creatives,i0null@infosec.exchange
creatives,idle@writing.exchange
creatives,IFTF@mastodon.gamedev.place
creatives,Lime@post.lurk.org
creatives,llamasoft_ox@toot.wales
creatives,luuma@ravenation.club
creatives,markmetz@sfba.social
creatives,mc_frontalot@mastodon.cloud
creatives,MicroSFF@mastodon.art
creatives,mtrc@mastodon.social
creatives,neilhimself@mastodon.social
creatives,NSA@national-defence.network
creatives,openbenches@bot.openbenches.org
creatives,patternclub@patternclub.org
creatives,PicardTips@mas.to
creatives,PixelMonsterBot@botsin.space
creatives,PoliticalCartoon@mastodonapp.uk
creatives,realGulDukat@mastodon.social
creatives,Richard_Littler@mastodon.social
creatives,RikerGoogling@mas.to
creatives,Sakti@ravenation.club
creatives,Sarah_Millican@mastodon.social
creatives,seb_ly@mastodon.social
creatives,starfleetjobs@botsin.space
creatives,starfleetsecurity@botsin.space
creatives,stephenfry@mastodonapp.uk
creatives,this_xor_that@toplap.org
creatives,verybritishproblems@mastodon.world
creatives,WorfEmail@mas.to
creatives,xkcd@mastodon.xyz
creatives,y3mz@mastodon.tech
creatives,yaxu@post.lurk.org
cryptoc,c7five@infosec.exchange
cryptog,agl@infosec.exchange
cryptog,djb@cr.yp.to
cryptog,filippo@abyssdomain.expert
cryptog,GnuPG@mstdn.social
cryptog,kennwhite@mastodon.social
cryptog,mattblaze@federate.social
cryptog,matthew_d_green@ioc.exchange
cryptog,pgpkeys@infosec.exchange
cryptog,pornin@infosec.exchange
cryptog,randomoracle@infosec.exchange
cryptog,Schneier_rss@burn.capital
cryptog,stf@chaos.social
cryptog,vanhoefm@infosec.exchange
cryptog,veorq@mastodon.social
datamanglers,drhyrum@infosec.exchange
datamanglers,OfficeforAI@masto.ai
datamanglers,robhawkes@fosstodon.org
datamanglers,timnitGebru@dair-community.social
datamanglers,towardsdatascience@hachyderm.io
defenders,__3ve@infosec.exchange
defenders,adam_caudill@infosec.exchange
defenders,adulau@infosec.exchange
defenders,alexmorgan@infosec.exchange
defenders,aloria@infosec.exchange
defenders,ark@defcon.social
defenders,attrc@infosec.exchange
defenders,barnhartguy@infosec.exchange
defenders,blueteamsteve@infosec.exchange
defenders,botherder@mastodon.social
defenders,bradleyjkemp.dev@bsky.brid.gy
defenders,captainGeech@infosec.exchange
defenders,chmod777@infosec.exchange
defenders,chort@infosec.exchange
defenders,chrisdfir@infosec.exchange
defenders,chrissistrunk@infosec.exchange
defenders,ciaranmak@mastodon.ie
defenders,cji@hachyderm.io
defenders,ckure@infosec.exchange
defenders,claushoumann@mastodon.social
defenders,clong@infosec.exchange
defenders,coffeetocode@infosec.exchange
defenders,ColinGrady@infosec.exchange
defenders,cowbutt@mastodon.social
defenders,CraigHRowland@infosec.exchange
defenders,cyb3rops@infosec.exchange
defenders,cyberlibrarian@infosec.exchange
defenders,da_667@infosec.exchange
defenders,dana@mozilla.social
defenders,danielgallagher@infosec.exchange
defenders,DFIRDiva@infosec.exchange
defenders,dfirnotes@infosec.exchange
defenders,divinetechygirl@infosec.exchange
defenders,d_olex@mastodon.social
defenders,drwhax@infosec.exchange
defenders,duckyblog@mastodon.online
defenders,dugsong@mastodon.social
defenders,ErrataRob@mastodon.social
defenders,fl1bbl3@infosec.exchange
defenders,florenciocano@infosec.exchange
defenders,fooflington@infosec.exchange
defenders,forgetful@infosec.exchange
defenders,GossiTheDog@cyberplace.social
defenders,greenpike@infosec.exchange
defenders,grifter@infosec.exchange
defenders,gvenere@infosec.exchange
defenders,hacks4pancakes@infosec.exchange
defenders,hal_pomeranz@infosec.exchange
defenders,hanscees@ieji.de
defenders,haxrob@infosec.exchange
defenders,hillu@infosec.exchange
defenders,howelloneill@infosec.exchange
defenders,Ichinin@infosec.exchange
defenders,infoseccrow@chaos.social
defenders,infosec_nick@infosec.exchange
defenders,invisig0th@infosec.exchange
defenders,itisiboller@infosec.exchange
defenders,jags@infosec.exchange
defenders,JamesB@infosec.exchange
defenders,jaybeale@infosec.exchange
defenders,jaythvv@infosec.exchange
defenders,JezCaudle@infosec.exchange
defenders,jfslowik@infosec.exchange
defenders,joshbressers@infosec.exchange
defenders,jsrailton@mastodon.social
defenders,julianferdinand@infosec.exchange
defenders,kpyke@infosec.exchange
defenders,lawsecnet@infosec.exchange
defenders,Lee_Holmes@infosec.exchange
defenders,likethecoins@infosec.exchange
defenders,LitMoose@infosec.exchange
defenders,lnlyssg@infosec.exchange
defenders,maddiestone@infosec.exchange
defenders,maldr0id@infosec.exchange
defenders,malmoeb@infosec.exchange
defenders,malwaretech@infosec.exchange
defenders,malwareunicorn@mastodon.social
defenders,manicode@infosec.exchange
defenders,marksteward@mastodon.social
defenders,mboelen@mastodon.social
defenders,MITREsteve@infosec.exchange
defenders,mttaggart@infosec.exchange
defenders,mzbat@infosec.exchange
defenders,n0x08@infosec.exchange
defenders,nasko@infosec.exchange
defenders,nerdiosity@infosec.exchange
defenders,netresec@infosec.exchange
defenders,norootcause@hachyderm.io
defenders,Northvein@infosec.exchange
defenders,ohunt@mastodon.social
defenders,olafhartong@infosec.exchange
defenders,onrust@infosec.exchange
defenders,pchobbit@infosec.exchange
defenders,PierreAHobbit@mastodon.social
defenders,pixelnull@infosec.exchange
defenders,pythonshell@infosec.exchange
defenders,r00tbsd@infosec.exchange
defenders,ReckedExe@infosec.exchange
defenders,reg@infosec.exchange
defenders,rootkovska@mastodon.social
defenders,Ruddles@infosec.exchange
defenders,rvdct@infosec.exchange
defenders,saadk@infosec.exchange
defenders,samur1@mastodon.social
defenders,ScottHelme@infosec.exchange
defenders,Secure_ICS_OT@infosec.exchange
defenders,SecureOwl@infosec.exchange
defenders,security_craig@infosec.exchange
defenders,SecurityWriter@infosec.exchange
defenders,selenalarson@mastodon.social
defenders,sfringer@mastodon.online
defenders,shortstack@infosec.exchange
defenders,signalblur@infosec.exchange
defenders,Sikorsky78@infosec.exchange
defenders,silas@infosec.exchange
defenders,solardiz@bird.makeup
defenders,stekkz@infosec.exchange
defenders,StuxnetStudios@infosec.exchange
defenders,supernothing@infosec.exchange
defenders,sushidude@mastodon.social
defenders,swat_cyber@ioc.exchange
defenders,SwiftOnSecurity@infosec.exchange
defenders,t0sche@infosec.exchange
defenders,tazwake@infosec.exchange
defenders,thepacketrat@infosec.exchange
defenders,thezedwards@infosec.exchange
defenders,threatcat_ch@infosec.exchange
defenders,threathuntergirl@infosec.exchange
defenders,threathunting@infosec.exchange
defenders,tprophet@defcon.social
defenders,troyhunt@infosec.exchange
defenders,tweedge@cybersecurity.theater
defenders,tychotithonus@infosec.exchange
defenders,UK_Daniel_Card@infosec.exchange
defenders,ulldma@infosec.exchange
defenders,unicent@infosec.exchange
defenders,vegard@mastodon.social
defenders,_vventura@infosec.exchange
defenders,VXShare@infosec.exchange
defenders,vxunderground@beta.birdsite.live
defenders,vxunderground@bird.makeup
defenders,wdormann@infosec.exchange
defenders,woany@infosec.exchange
defenders,wxs@infosec.exchange
defenders,WylieNewmark@infosec.exchange
defenders,xabean@infosec.exchange
defenders,xme@infosec.exchange
defenders,Xuebit@infosec.exchange
defenders,xyhhx@nso.group
emf,CatherineFlick@mastodon.me.uk
emf,dreamcat@mastodon.me.uk
emf,emfctf@infosec.exchange
emf,FieldFX@mastodon.online
emf,GCHQNET@chaos.social
emf,info@emfcamp.org
emf,jonathanhogg@mastodon.social
emf,noc@emfcamp.org
emf,SamLR@chaos.social
groups,actuallyautistic@a.gup.pe
groups,geocaching@a.gup.pe
groups,Perl@chirp.social
hardhack,1o57@mastodon.social
hardhack,alex@bobiverse.social
hardhack,buspirate@mastodon.social
hardhack,colinoflynn@bluenoser.me
hardhack,collinrm@infosec.exchange
hardhack,egeltje@infosec.exchange
hardhack,esden@chaos.social
hardhack,gsuberland@chaos.social
hardhack,halkyardo@tacobelllabs.net
hardhack,joegrand@chaos.social
hardhack,ktemkin@provably.online
hardhack,lcars@infosec.exchange
hardhack,libreleah@mas.to
hardhack,maltman23@mastodon.social
hardhack,mattgodbolt@hachyderm.io
hardhack,mg@infosec.exchange
hardhack,mintynet@infosec.exchange
hardhack,mjg59@nondeterministic.computer
hardhack,mossmann@mastodon.social
hardhack,securelyfitz@chaos.social
hardhack,SexyCyborg@mastodon.social
hardhack,siguza@infosec.space
hardhack,whitequark@mastodon.social
hardhack,windytan@mastodon.social
legal,BarristerSecret@mastodonapp.uk
legal,bricksilk@mastodon.scot
legal,conservancy@sfconservancy.org
legal,davidallengreen@mastodon.green
legal,kenwhite.bsky.social@bsky.brid.gy
legal,LawyerLiz@infosec.exchange
legal,lilianedwards@someone.elses.computer
legal,neil@mastodon.neilzone.co.uk
legal,ProfFerguson@mastodon.lawprofs.org
legal,ravinaik@someone.elses.computer
legal,wbm312@infosec.exchange
makers,fbz@hackers.town
makers,fbz@infosec.exchange
makers,jonty@chaos.social
makers,tobyjaffey@mastodon.me.uk
misc,alien8@infosec.exchange
misc,ben@werd.social
misc,bitoclass@mastodonapp.uk
misc,colinlove@aus.social
misc,frangipan@toot.wales
misc,jack_daniel@mastodon.social
misc,snubs@universeodon.com
networks,alexhaydock@infosec.exchange
networks,andyd@social.secret-wg.org
networks,bloor@bloor.tw
networks,CuTEL@tacobelllabs.net
networks,davidbombal@infosec.exchange
networks,flangey@chaos.social
networks,IPngNetworks@ublog.tech
networks,ispreview@mastodon.social
networks,kramse@helvede.net
networks,lpbkdotnet@mstdn.social
networks,mr0vka@infosec.exchange
networks,networkstring@ablative.stream
networks,nlnetlabs@fosstodon.org
networks,paul_ipv6@infosec.exchange
networks,revk@toot.me.uk
networks,russss@chaos.social
networks,shefys@bsd.network
networks,timmehwimmy@infosec.exchange
policy,0xmachos@infosec.exchange
policy,accidentalciso@infosec.exchange
policy,africacenter@mastodon.social
policy,alex@cybervillains.com
policy,allanfriedman@infosec.exchange
policy,bert_hubert@eupolicy.social
policy,bestforbritain.bsky.social@bsky.brid.gy
policy,brianhonan@mastodon.social
policy,calyxinstitute@mastodon.social
policy,caseyjohnellis@infosec.exchange
policy,catsalad@infosec.exchange
policy,chich@infosec.exchange
policy,ciaranmartin@infosec.exchange
policy,circl@social.circl.lu
policy,cliffb_infosec@mastodon.social
policy,dymaxion@infosec.exchange
policy,Edent@mastodon.social
policy,eff@mastodon.social
policy,Em0nM4stodon@infosec.exchange
policy,emptywheel@mastodon.social
policy,endDRM@hostux.social
policy,enisa_eu@respublicae.eu
policy,esheesle@infosec.exchange
policy,EUCommission@ec.social-network.europa.eu
policy,evacide@hachyderm.io
policy,FreddyD@infosec.exchange
policy,fsfe@mastodon.social
policy,gattaca@infosec.exchange
policy,gattaca@mastodon.social
policy,GlasshouseCtr@infosec.exchange
policy,haroonmeer@infosec.exchange
policy,jik@federate.social
policy,jimmyblake@infosec.exchange
policy,jim@social.openrightsgroup.org
policy,jwgoerlich@infosec.exchange
policy,k8em0@infosec.exchange
policy,lauren@mastodon.laurenweinstein.org
policy,lessig@mastodon.world
policy,letoams@defcon.social
policy,Madplatt@infosec.exchange
policy,missiggeek@freeradical.zone
policy,mitreattack@infosec.exchange
policy,Mudge@mastodon.social
policy,nickm@abyssdomain.expert
policy,noybeu@mastodon.social
policy,openfuture@eupolicy.social
policy,openrightsgroup@social.openrightsgroup.org
policy,oracuk@infosec.exchange
policy,PoliceStateUK@mastodon.me.uk
policy,PrivacyDigest@mas.to
policy,privacyint@mastodon.xyz
policy,Privacymatters@mastodon.social
policy,Pwnallthethings@mastodon.social
policy,quentyn@infosec.exchange
policy,Quinnypig@awscommunity.social
policy,rantyben@mastodon.social
policy,RGB_Lights@infosec.exchange
policy,RisuToInu@mastodon.social
policy,runasand@mastodon.social
policy,sarahjamielewis@mastodon.social
policy,SashaRomanosky@techhub.social
policy,SonOfSunTzu@mastodon.social
policy,spacerog@mastodon.social
policy,taosecurity@infosec.exchange
policy,Tarah@infosec.exchange
policy,thegrugq@infosec.exchange
policy,timbl@w3c.social
policy,timbray@cosocial.ca
policy,webmink@meshed.cloud
policy,Weld@infosec.exchange
policy,wendynather@infosec.exchange
policy,wimremes@infosec.exchange
politics,CarolineRussell@mastodon.green
politics,cemedia@mastodon.social
politics,dom@c.im
politics,echo_pbreyer@digitalcourage.social
politics,maggiechapman@mastodon.scot
politics,RichardJMurphy@mas.to
press,2600@mastodon.online
press,adambienkov@mastodon.green
press,agreenberg@infosec.exchange
press,alexhern@tech.intersects.art
press,arusbridger@mastodon.world
press,BBCRD@social.bbc
press,Bellingcat@mstdn.social
press,BleepingComputer@infosec.exchange
press,briankrebs@infosec.exchange
press,campuscodi@mastodon.social
press,charlesarthur@newsie.social
press,cubicgarden@mas.to
press,dangoodin@infosec.exchange
press,daveleeFT@mastodon.social
press,davidzipper@mastodon.social
press,DeclassifiedUK@independent-media.co.uk
press,duncaned@tech.lgbt
press,freedomofpress@freedom.press
press,gathara@mastodon.online
press,guardian@flipboard.social
press,jackrhysider@infosec.exchange
press,jiejie@mastodon.social
press,josephcox@infosec.exchange
press,krishgm@mastodonapp.uk
press,markmoxon@universeodon.com
press,marypcbuk@hachyderm.io
press,mattburgess@infosec.exchange
press,micahflee@infosec.exchange
press,NicoleP@infosec.exchange
press,normal_island_news@threads.net
press,ProPublica@newsie.social
press,ryanaraine@infosec.exchange
press,Salon@flipboard.com
press,Secnewsbytes@infosec.exchange
press,SecurityBrew@infosec.exchange
press,SecurityPrivacy@infosec.exchange
press,slashdot@mastodon.cloud
press,spiegelmama@infosec.exchange
press,taylorlorenz@mastodon.social
press,tdp_org@mastodon.social
press,thomholwerda@exquisite.social
press,wendyg@mastodon.xyz
press,WIRED@flipboard.com
press,zackwhittaker@mastodon.social
projects,abuse_ch@ioc.exchange
projects,adeptsof0xcc@infosec.exchange
projects,AdvisoryICS@infosec.exchange
projects,arclive@oldbytes.space
projects,auschwitzmuseum@mastodon.world
projects,badkeys@infosec.exchange
projects,bgpkit@infosec.exchange
projects,cfp_time@infosec.exchange
projects,compiler_explorer@hachyderm.io
projects,Cryptome@mastodon.social
projects,cve@infosec.exchange
projects,dataplane@fosstodon.org
projects,defcon@defcon.social
projects,DEVCE_CIC@infosec.exchange
projects,DianaInitiative@defcon.social
projects,DigiDefenders@infosec.exchange
projects,disclose@infosec.exchange
projects,EmergingThreats@infosec.exchange
projects,european_alternatives@mastodon.social
projects,europeanOSacademy@fosstodon.org
projects,firstdotorg@infosec.exchange
projects,flatcar@hachyderm.io
projects,gcve@social.circl.lu
projects,GrapheneOS@aspiechattr.me
projects,grsecurity@infosec.exchange
projects,hackhitchin@techhub.social
projects,hackingthecloud@infosec.exchange
projects,haveibeenpwned@infosec.exchange
projects,InfoCon@defcon.social
projects,infraclub@chaos.social
projects,internetarchive@mastodon.archive.org
projects,jepsen@jepsen.io
projects,kaitai@infosec.exchange
projects,kalilinux@infosec.exchange
projects,kde@floss.social
projects,mayfirst@social.coop
projects,meshtastic@mastodon.social
projects,metacpan@fosstodon.org
projects,metasploit@infosec.exchange
projects,misp@misp-community.org
projects,mitreattack@infosec.exchange
projects,mozillaofficial@mastodon.social
projects,netbsd@mastodon.sdf.org
projects,nlnet@nlnet.nl
projects,NLNOG@mastodon.nl
projects,openrisk@mastodon.social
projects,openssf@social.lfx.dev
projects,openuk@hachyderm.io
projects,openwallbot@automa.sh
projects,operator@news.illumos.am
projects,osi@opensource.org
projects,osm_tech@en.osm.town
projects,owasp@infosec.exchange
projects,packet_storm@security.theater
projects,pdiscoveryio@twtr.plus
projects,phrack@haunted.computer
projects,pkgsrcchanges@mstdn.social
projects,publiccode@floss.social
projects,pyOpenSci@fosstodon.org
projects,radareorg@infosec.exchange
projects,ransomwatch@infosec.exchange
projects,redox@floss.social
projects,reproducible_builds@fosstodon.org
projects,sans_isc@infosec.exchange
projects,sans_isc@mastodon.social
projects,SDF@mastodon.sdf.org
projects,securefirmware@infosec.exchange
projects,SecurityBSidesGlobal@infosec.exchange
projects,servo@floss.social
projects,signalapp@mastodon.world
projects,snopes@infosec.exchange
projects,SolarisDiaspora@techhub.social
projects,spamhaus@infosec.exchange
projects,strudel@toplap.org
projects,tag@w3c.social
projects,tde@floss.social
projects,thecvefoundation@infosec.exchange
projects,thedarktangent@defcon.social
projects,thisweekinkde@social.opendesktop.org
projects,tidalcycles@toplap.org
projects,tmpout@haunted.computer
projects,toplap@toplap.org
projects,torproject@mastodon.social
projects,triton_dc@hostux.social
projects,Tusky@mastodon.social
projects,velocidex@infosec.exchange
projects,VirusBulletin@infosec.exchange
projects,volatility@infosec.exchange
projects,vxunderground@infosec.exchange
projects,w3c@w3c.social
projects,wikipedia@wikis.world
projects,wireshark@ioc.exchange
projects,XOrgFoundation@floss.social
vendors,0patch@infosec.exchange
vendors,anyrun_app@infosec.exchange
vendors,BishopFox@infosec.exchange
vendors,Claroty@infosec.exchange
vendors,corelight@infosec.exchange
vendors,crashappsec@infosec.exchange
vendors,ecrime_ch@infosec.exchange
vendors,ESETresearch@infosec.exchange
vendors,frameworkcomputer@fosstodon.org
vendors,github@infosec.exchange
vendors,githubsecurity@infosec.exchange
vendors,GitHubSecurityLab@infosec.exchange
vendors,Graylog@infosec.exchange
vendors,greenbone@floss.social
vendors,greynoise@infosec.exchange
vendors,HexRaysSA@infosec.exchange
vendors,huntress@infosec.exchange
vendors,iFixit@mastodon.social
vendors,leakix@mastodon.social
vendors,leanpub@mastodon.social
vendors,LutaSecurity@infosec.exchange
vendors,nostarch@infosec.exchange
vendors,oxidecomputer@hachyderm.io
vendors,positive_sec@infosec.exchange
vendors,quarkslab@infosec.exchange
vendors,sensepost@infosec.exchange
vendors,shodan@mastodon.shodan.io
vendors,silentsignal@infosec.exchange
vendors,SophosXOps@infosec.exchange
vendors,SSDSecureDisclosure@infosec.exchange
vendors,TeamTopologies@mastodon.social
vendors,therecord_media@mastodon.social
vendors,thezdi@infosec.exchange
vendors,volexity@infosec.exchange
vendors,vuldb@infosec.exchange
vendors,watchtowrcyber@bird.makeup
